{"cameraMode":{"drawMode":0,"name":"Shaded","section":"Shading Mode"},"sceneLighting":true,"audioPlay":false,"sceneViewState":{"showFog":true,"showMaterialUpdate":false,"showSkybox":true,"showFlares":true,"showImageEffects":true,"showParticleSystems":true},"in2DMode":false,"pivot":{"x":1.8752899169921876,"y":-2.6947021484375,"z":-1.25341796875},"rotation":{"x":0.11107663065195084,"y":0.008350104093551636,"z":-0.0009332169429399073,"w":0.9937763214111328},"size":2.897153854370117,"orthographic":true}