{"cameraMode":{"drawMode":0,"name":"Shaded","section":"Shading Mode"},"sceneLighting":false,"audioPlay":false,"sceneViewState":{"showFog":true,"showMaterialUpdate":false,"showSkybox":true,"showFlares":true,"showImageEffects":true,"showParticleSystems":true},"in2DMode":false,"pivot":{"x":0.806797981262207,"y":2.281341075897217,"z":-1.3148689270019532},"rotation":{"x":-0.07305478304624558,"y":-0.0439649298787117,"z":-0.003223699051886797,"w":0.9963532090187073},"size":11.545565605163575,"orthographic":false}