{"cameraMode":{"drawMode":0,"name":"Shaded","section":"Shading Mode"},"sceneLighting":false,"audioPlay":false,"sceneViewState":{"showFog":true,"showMaterialUpdate":false,"showSkybox":true,"showFlares":true,"showImageEffects":true,"showParticleSystems":true},"in2DMode":false,"pivot":{"x":-0.7997555136680603,"y":-1.5120784044265748,"z":-1.1772701740264893},"rotation":{"x":-0.07305478304624558,"y":-0.0439649298787117,"z":-0.003223699051886797,"w":0.9963532090187073},"size":4.517571449279785,"orthographic":false}