{"cameraMode":{"drawMode":0,"name":"Shaded","section":"Shading Mode"},"sceneLighting":false,"audioPlay":false,"sceneViewState":{"showFog":true,"showMaterialUpdate":false,"showSkybox":true,"showFlares":true,"showImageEffects":true,"showParticleSystems":true},"in2DMode":false,"pivot":{"x":1.3582954406738282,"y":-1.2742528915405274,"z":-0.8773937225341797},"rotation":{"x":-0.3020639717578888,"y":0.04373857006430626,"z":0.01387522928416729,"w":0.9521827101707459},"size":2.634460687637329,"orthographic":false}